{"cameraMode":{"drawMode":0,"name":"Shaded","section":"Shading Mode"},"sceneLighting":false,"audioPlay":false,"sceneViewState":{"m_AlwaysRefresh":false,"showFog":true,"showSkybox":false,"showFlares":true,"showImageEffects":true,"showParticleSystems":true,"showVisualEffectGraphs":true,"m_FxEnabled":true},"in2DMode":false,"pivot":{"x":4.313497066497803,"y":0.7099999785423279,"z":11.763440132141114},"rotation":{"x":0.24841608107089997,"y":0.2555617690086365,"z":-0.06846736371517182,"w":0.9318227767944336},"size":0.4759807884693146,"orthographic":false}