{"cameraMode":{"drawMode":0,"name":"Shaded","section":"Shading Mode"},"sceneLighting":false,"audioPlay":false,"sceneViewState":{"m_AlwaysRefresh":false,"showFog":true,"showSkybox":false,"showFlares":true,"showImageEffects":true,"showParticleSystems":true,"showVisualEffectGraphs":true,"m_FxEnabled":true},"in2DMode":false,"pivot":{"x":5.539999961853027,"y":4.9606218338012699,"z":11.711051940917969},"rotation":{"x":0.1422618329524994,"y":0.14494726061820985,"z":-0.021057819947600366,"w":0.978951096534729},"size":10.691610336303711,"orthographic":false}