{"cameraMode":{"drawMode":0,"name":"Shaded","section":"Shading Mode"},"sceneLighting":false,"audioPlay":false,"sceneViewState":{"m_AlwaysRefresh":false,"showFog":true,"showSkybox":false,"showFlares":true,"showImageEffects":true,"showParticleSystems":true,"showVisualEffectGraphs":true,"m_FxEnabled":true},"in2DMode":false,"pivot":{"x":0.01498153805732727,"y":0.288914293050766,"z":-4.5771074295043949},"rotation":{"x":-0.09907042980194092,"y":-0.7984963059425354,"z":0.13691112399101258,"w":-0.5777968168258667},"size":0.5596235394477844,"orthographic":false}